-- phpMyAdmin SQL Dump
-- version 5.0.3
-- https://www.phpmyadmin.net/
--
-- 主機： 127.0.0.1
-- 產生時間： 2021-03-23 02:47:21
-- 伺服器版本： 10.4.14-MariaDB
-- PHP 版本： 7.2.34

SET SQL_MODE = "NO_AUTO_VALUE_ON_ZERO";
START TRANSACTION;
SET time_zone = "+00:00";


/*!40101 SET @OLD_CHARACTER_SET_CLIENT=@@CHARACTER_SET_CLIENT */;
/*!40101 SET @OLD_CHARACTER_SET_RESULTS=@@CHARACTER_SET_RESULTS */;
/*!40101 SET @OLD_COLLATION_CONNECTION=@@COLLATION_CONNECTION */;
/*!40101 SET NAMES utf8mb4 */;

--
-- 資料庫： `51 屆技能競賽[區賽] (2)`
--
CREATE DATABASE IF NOT EXISTS `51 屆技能競賽[區賽] (2)` DEFAULT CHARACTER SET utf8 COLLATE utf8_unicode_ci;
USE `51 屆技能競賽[區賽] (2)`;

-- --------------------------------------------------------

--
-- 資料表結構 `form`
--

CREATE TABLE `form` (
  `invite` varchar(16) COLLATE utf8_unicode_ci NOT NULL,
  `name` text COLLATE utf8_unicode_ci NOT NULL,
  `page` int(11) NOT NULL,
  `need` int(11) NOT NULL,
  `isLocking` tinyint(1) NOT NULL,
  `user` int(11) NOT NULL
) ENGINE=InnoDB DEFAULT CHARSET=utf8 COLLATE=utf8_unicode_ci;

--
-- 傾印資料表的資料 `form`
--

INSERT INTO `form` (`invite`, `name`, `page`, `need`, `isLocking`, `user`) VALUES
('165', '測試用', 5, 20, 0, 1),
('QQ481', '測試用', 5, 20, 1, 1),
('QQWP123', '飲食調查', 5, 10, 0, 1),
('XPP', '飲食調查', 5, 10, 0, 1);

-- --------------------------------------------------------

--
-- 資料表結構 `question`
--

CREATE TABLE `question` (
  `id` int(11) NOT NULL,
  `invite` varchar(16) COLLATE utf8_unicode_ci NOT NULL,
  `type` int(11) NOT NULL,
  `title` text COLLATE utf8_unicode_ci NOT NULL,
  `ques` longtext CHARACTER SET utf8mb4 COLLATE utf8mb4_bin NOT NULL DEFAULT '[]',
  `required` tinyint(1) NOT NULL,
  `another` tinyint(1) NOT NULL
) ENGINE=InnoDB DEFAULT CHARSET=utf8 COLLATE=utf8_unicode_ci;

--
-- 傾印資料表的資料 `question`
--

INSERT INTO `question` (`id`, `invite`, `type`, `title`, `ques`, `required`, `another`) VALUES
(13, 'QQ481', 1, '1+1=2?', '[]', 0, 0),
(14, 'QQ481', 2, 'RPG點數要點?', '[\"攻擊\",\"防禦\",\"速度\",\"敏捷\",\"智力\"]', 1, 0),
(16, 'XPP', 1, '你吃食物嗎?', '[]', 1, 0),
(17, 'XPP', 1, '你吃飯嗎?', '[]', 1, 0),
(18, 'XPP', 3, '你喜歡吃?', '[\"自燃粉\",\"人工色素\",\"PM2.5\",\"核能輻射\"]', 1, 1),
(19, 'XPP', 1, '你喝湯嗎?', '[]', 1, 0),
(20, 'XPP', 2, '你一天吃幾餐', '[\"1餐\",\"2餐\",\"3餐\",\"4餐\",\"5餐\",\"6餐\"]', 1, 0),
(21, 'XPP', 2, '你幾小時吃一餐?', '[\"1小時\",\"2小時\",\"3小時\",\"4小時\",\"5小時\",\"6小時\"]', 0, 0),
(22, 'XPP', 4, '你食物喜歡的類型?', '[]', 0, 0),
(23, 'XPP', 4, '這問卷對你有幫助嗎?', '[]', 0, 0),
(24, 'XPP', 1, '吃過保健持品?', '[]', 1, 0),
(25, 'XPP', 3, '你主食是?', '[\"麵包\",\"炸彈\",\"牛排\",\"金箔\",\"魚子醬\",\"深海守衛??\"]', 0, 0),
(43, '165', 1, '2+1=2?', '[]', 0, 0),
(44, '165', 2, 'RPG點數要點?', '[\"攻擊\",\"防禦\",\"速度\",\"敏捷\",\"智力\"]', 1, 0),
(45, 'XPP', 1, '你吃食物嗎?', '[]', 1, 0),
(46, 'XPP', 1, '你吃飯嗎?', '[]', 1, 0),
(47, 'XPP', 3, '你喜歡吃?', '[\"自燃粉\",\"人工色素\",\"PM2.5\",\"核能輻射\"]', 1, 1),
(48, 'XPP', 1, '你喝湯嗎?', '[]', 1, 0),
(49, 'XPP', 2, '你一天吃幾餐', '[\"1餐\",\"2餐\",\"3餐\",\"4餐\",\"5餐\",\"6餐\"]', 1, 0),
(50, 'XPP', 2, '你幾小時吃一餐?', '[\"1小時\",\"2小時\",\"3小時\",\"4小時\",\"5小時\",\"6小時\"]', 0, 0),
(51, 'XPP', 4, '你食物喜歡的類型?', '[]', 0, 0),
(52, 'XPP', 4, '這問卷對你有幫助嗎?', '[]', 0, 0),
(53, 'XPP', 1, '吃過保健持品?', '[]', 1, 0),
(54, 'XPP', 3, '你主食是?', '[\"麵包\",\"炸彈\",\"牛排\",\"金箔\",\"魚子醬\",\"深海守衛??\"]', 0, 0),
(55, 'QQWP123', 1, '你吃食物嗎?', '[]', 1, 0),
(56, 'QQWP123', 1, '你吃飯嗎?', '[]', 1, 0),
(57, 'QQWP123', 3, '你喜歡吃?', '[\"自燃粉\",\"人工色素\",\"PM2.5\",\"核能輻射\"]', 1, 1),
(58, 'QQWP123', 1, '你喝湯嗎?', '[]', 1, 0),
(59, 'QQWP123', 2, '你一天吃幾餐', '[\"1餐\",\"2餐\",\"3餐\",\"4餐\",\"5餐\",\"6餐\"]', 1, 0),
(60, 'QQWP123', 2, '你幾小時吃一餐?', '[\"1小時\",\"2小時\",\"3小時\",\"4小時\",\"5小時\",\"6小時\"]', 0, 0),
(61, 'QQWP123', 4, '你食物喜歡的類型?', '[]', 0, 0),
(62, 'QQWP123', 4, '這問卷對你有幫助嗎?', '[]', 0, 0),
(63, 'QQWP123', 1, '吃過保健持品?', '[]', 1, 0),
(64, 'QQWP123', 3, '你主食是?', '[\"麵包\",\"炸彈\",\"牛排\",\"金箔\",\"魚子醬\",\"深海守衛??\"]', 0, 0),
(65, 'QQWP123', 1, '你吃食物嗎?', '[]', 1, 0),
(66, 'QQWP123', 1, '你吃飯嗎?', '[]', 1, 0),
(67, 'QQWP123', 3, '你喜歡吃?', '[\"自燃粉\",\"人工色素\",\"PM2.5\",\"核能輻射\"]', 1, 1),
(68, 'QQWP123', 1, '你喝湯嗎?', '[]', 1, 0),
(69, 'QQWP123', 2, '你一天吃幾餐', '[\"1餐\",\"2餐\",\"3餐\",\"4餐\",\"5餐\",\"6餐\"]', 1, 0),
(70, 'QQWP123', 2, '你幾小時吃一餐?', '[\"1小時\",\"2小時\",\"3小時\",\"4小時\",\"5小時\",\"6小時\"]', 0, 0),
(71, 'QQWP123', 4, '你食物喜歡的類型?', '[]', 0, 0),
(72, 'QQWP123', 4, '這問卷對你有幫助嗎?', '[]', 0, 0),
(73, 'QQWP123', 1, '吃過保健持品?', '[]', 1, 0),
(74, 'QQWP123', 3, '你主食是?', '[\"麵包\",\"炸彈\",\"牛排\",\"金箔\",\"魚子醬\",\"深海守衛??\"]', 0, 0),
(75, 'QQWP123', 1, '你吃食物嗎?', '[]', 1, 0),
(76, 'QQWP123', 1, '你吃飯嗎?', '[]', 1, 0),
(77, 'QQWP123', 3, '你喜歡吃?', '[\"自燃粉\",\"人工色素\",\"PM2.5\",\"核能輻射\"]', 1, 1),
(78, 'QQWP123', 1, '你喝湯嗎?', '[]', 1, 0),
(79, 'QQWP123', 2, '你一天吃幾餐', '[\"1餐\",\"2餐\",\"3餐\",\"4餐\",\"5餐\",\"6餐\"]', 1, 0),
(80, 'QQWP123', 2, '你幾小時吃一餐?', '[\"1小時\",\"2小時\",\"3小時\",\"4小時\",\"5小時\",\"6小時\"]', 0, 0),
(81, 'QQWP123', 4, '你食物喜歡的類型?', '[]', 0, 0),
(82, 'QQWP123', 4, '這問卷對你有幫助嗎?', '[]', 0, 0),
(83, 'QQWP123', 1, '吃過保健持品?', '[]', 1, 0),
(84, 'QQWP123', 3, '你主食是?', '[\"麵包\",\"炸彈\",\"牛排\",\"金箔\",\"魚子醬\",\"深海守衛??\"]', 0, 0),
(85, 'QQWP123', 1, '你吃食物嗎?', '[]', 1, 0),
(86, 'QQWP123', 1, '你吃飯嗎?', '[]', 1, 0),
(87, 'QQWP123', 3, '你喜歡吃?', '[\"自燃粉\",\"人工色素\",\"PM2.5\",\"核能輻射\"]', 1, 1),
(88, 'QQWP123', 1, '你喝湯嗎?', '[]', 1, 0),
(89, 'QQWP123', 2, '你一天吃幾餐', '[\"1餐\",\"2餐\",\"3餐\",\"4餐\",\"5餐\",\"6餐\"]', 1, 0),
(90, 'QQWP123', 2, '你幾小時吃一餐?', '[\"1小時\",\"2小時\",\"3小時\",\"4小時\",\"5小時\",\"6小時\"]', 0, 0),
(91, 'QQWP123', 4, '你食物喜歡的類型?', '[]', 0, 0),
(92, 'QQWP123', 4, '這問卷對你有幫助嗎?', '[]', 0, 0),
(93, 'QQWP123', 1, '吃過保健持品?', '[]', 1, 0),
(94, 'QQWP123', 3, '你主食是?', '[\"麵包\",\"炸彈\",\"牛排\",\"金箔\",\"魚子醬\",\"深海守衛??\"]', 0, 0),
(95, 'QQWP123', 1, '你吃食物嗎?', '[]', 1, 0),
(96, 'QQWP123', 1, '你吃飯嗎?', '[]', 1, 0),
(97, 'QQWP123', 3, '你喜歡吃?', '[\"自燃粉\",\"人工色素\",\"PM2.5\",\"核能輻射\"]', 1, 1),
(98, 'QQWP123', 1, '你喝湯嗎?', '[]', 1, 0),
(99, 'QQWP123', 2, '你一天吃幾餐', '[\"1餐\",\"2餐\",\"3餐\",\"4餐\",\"5餐\",\"6餐\"]', 1, 0),
(100, 'QQWP123', 2, '你幾小時吃一餐?', '[\"1小時\",\"2小時\",\"3小時\",\"4小時\",\"5小時\",\"6小時\"]', 0, 0),
(101, 'QQWP123', 4, '你食物喜歡的類型?', '[]', 0, 0),
(102, 'QQWP123', 4, '這問卷對你有幫助嗎?', '[]', 0, 0),
(103, 'QQWP123', 1, '吃過保健持品?', '[]', 1, 0),
(104, 'QQWP123', 3, '你主食是?', '[\"麵包\",\"炸彈\",\"牛排\",\"金箔\",\"魚子醬\",\"深海守衛??\"]', 0, 0),
(105, 'QQWP123', 1, '你吃食物嗎?', '[]', 1, 0),
(106, 'QQWP123', 1, '你吃飯嗎?', '[]', 1, 0),
(107, 'QQWP123', 3, '你喜歡吃?', '[\"自燃粉\",\"人工色素\",\"PM2.5\",\"核能輻射\"]', 1, 1),
(108, 'QQWP123', 1, '你喝湯嗎?', '[]', 1, 0),
(109, 'QQWP123', 2, '你一天吃幾餐', '[\"1餐\",\"2餐\",\"3餐\",\"4餐\",\"5餐\",\"6餐\"]', 1, 0),
(110, 'QQWP123', 2, '你幾小時吃一餐?', '[\"1小時\",\"2小時\",\"3小時\",\"4小時\",\"5小時\",\"6小時\"]', 0, 0),
(111, 'QQWP123', 4, '你食物喜歡的類型?', '[]', 0, 0),
(112, 'QQWP123', 4, '這問卷對你有幫助嗎?', '[]', 0, 0),
(113, 'QQWP123', 1, '吃過保健持品?', '[]', 1, 0),
(114, 'QQWP123', 3, '你主食是?', '[\"麵包\",\"炸彈\",\"牛排\",\"金箔\",\"魚子醬\",\"深海守衛??\"]', 0, 0),
(115, 'QQWP123', 1, '你吃食物嗎?', '[]', 1, 0),
(116, 'QQWP123', 1, '你吃飯嗎?', '[]', 1, 0),
(117, 'QQWP123', 3, '你喜歡吃?', '[\"自燃粉\",\"人工色素\",\"PM2.5\",\"核能輻射\"]', 1, 1),
(118, 'QQWP123', 1, '你喝湯嗎?', '[]', 1, 0),
(119, 'QQWP123', 2, '你一天吃幾餐', '[\"1餐\",\"2餐\",\"3餐\",\"4餐\",\"5餐\",\"6餐\"]', 1, 0),
(120, 'QQWP123', 2, '你幾小時吃一餐?', '[\"1小時\",\"2小時\",\"3小時\",\"4小時\",\"5小時\",\"6小時\"]', 0, 0),
(121, 'QQWP123', 4, '你食物喜歡的類型?', '[]', 0, 0),
(122, 'QQWP123', 4, '這問卷對你有幫助嗎?', '[]', 0, 0),
(123, 'QQWP123', 1, '吃過保健持品?', '[]', 1, 0),
(124, 'QQWP123', 3, '你主食是?', '[\"麵包\",\"炸彈\",\"牛排\",\"金箔\",\"魚子醬\",\"深海守衛??\"]', 0, 0),
(125, 'QQWP123', 1, '你吃食物嗎?', '[]', 1, 0),
(126, 'QQWP123', 1, '你吃飯嗎?', '[]', 1, 0),
(127, 'QQWP123', 3, '你喜歡吃?', '[\"自燃粉\",\"人工色素\",\"PM2.5\",\"核能輻射\"]', 1, 1),
(128, 'QQWP123', 1, '你喝湯嗎?', '[]', 1, 0),
(129, 'QQWP123', 2, '你一天吃幾餐', '[\"1餐\",\"2餐\",\"3餐\",\"4餐\",\"5餐\",\"6餐\"]', 1, 0),
(130, 'QQWP123', 2, '你幾小時吃一餐?', '[\"1小時\",\"2小時\",\"3小時\",\"4小時\",\"5小時\",\"6小時\"]', 0, 0),
(131, 'QQWP123', 4, '你食物喜歡的類型?', '[]', 0, 0),
(132, 'QQWP123', 4, '這問卷對你有幫助嗎?', '[]', 0, 0),
(133, 'QQWP123', 1, '吃過保健持品?', '[]', 1, 0),
(134, 'QQWP123', 3, '你主食是?', '[\"麵包\",\"炸彈\",\"牛排\",\"金箔\",\"魚子醬\",\"深海守衛??\"]', 0, 0),
(135, 'QQWP123', 1, '你吃食物嗎?', '[]', 1, 0),
(136, 'QQWP123', 1, '你吃飯嗎?', '[]', 1, 0),
(137, 'QQWP123', 3, '你喜歡吃?', '[\"自燃粉\",\"人工色素\",\"PM2.5\",\"核能輻射\"]', 1, 1),
(138, 'QQWP123', 1, '你喝湯嗎?', '[]', 1, 0),
(139, 'QQWP123', 2, '你一天吃幾餐', '[\"1餐\",\"2餐\",\"3餐\",\"4餐\",\"5餐\",\"6餐\"]', 1, 0),
(140, 'QQWP123', 2, '你幾小時吃一餐?', '[\"1小時\",\"2小時\",\"3小時\",\"4小時\",\"5小時\",\"6小時\"]', 0, 0),
(141, 'QQWP123', 4, '你食物喜歡的類型?', '[]', 0, 0),
(142, 'QQWP123', 4, '這問卷對你有幫助嗎?', '[]', 0, 0),
(143, 'QQWP123', 1, '吃過保健持品?', '[]', 1, 0),
(144, 'QQWP123', 3, '你主食是?', '[\"麵包\",\"炸彈\",\"牛排\",\"金箔\",\"魚子醬\",\"深海守衛??\"]', 0, 0),
(145, 'QQWP123', 1, '你吃食物嗎?', '[]', 1, 0),
(146, 'QQWP123', 1, '你吃飯嗎?', '[]', 1, 0),
(147, 'QQWP123', 3, '你喜歡吃?', '[\"自燃粉\",\"人工色素\",\"PM2.5\",\"核能輻射\"]', 1, 1),
(148, 'QQWP123', 1, '你喝湯嗎?', '[]', 1, 0),
(149, 'QQWP123', 2, '你一天吃幾餐', '[\"1餐\",\"2餐\",\"3餐\",\"4餐\",\"5餐\",\"6餐\"]', 1, 0),
(150, 'QQWP123', 2, '你幾小時吃一餐?', '[\"1小時\",\"2小時\",\"3小時\",\"4小時\",\"5小時\",\"6小時\"]', 0, 0),
(151, 'QQWP123', 4, '你食物喜歡的類型?', '[]', 0, 0),
(152, 'QQWP123', 4, '這問卷對你有幫助嗎?', '[]', 0, 0),
(153, 'QQWP123', 1, '吃過保健持品?', '[]', 1, 0),
(154, 'QQWP123', 3, '你主食是?', '[\"麵包\",\"炸彈\",\"牛排\",\"金箔\",\"魚子醬\",\"深海守衛??\"]', 0, 0);

-- --------------------------------------------------------

--
-- 資料表結構 `response`
--

CREATE TABLE `response` (
  `id` int(11) NOT NULL,
  `invite` varchar(16) COLLATE utf8_unicode_ci NOT NULL,
  `question_id` int(11) NOT NULL,
  `data` mediumtext CHARACTER SET utf8mb4 COLLATE utf8mb4_bin NOT NULL DEFAULT '\'[]\'',
  `sort` int(11) NOT NULL
) ENGINE=InnoDB DEFAULT CHARSET=utf8 COLLATE=utf8_unicode_ci;

--
-- 傾印資料表的資料 `response`
--

INSERT INTO `response` (`id`, `invite`, `question_id`, `data`, `sort`) VALUES
(48, 'QQ481', 13, '0', 7),
(49, 'QQ481', 14, '4', 8),
(50, 'QQ481', 13, '1', 9),
(51, 'QQ481', 14, '0', 9),
(52, 'QQ481', 13, '1', 10),
(53, 'QQ481', 14, '4', 10),
(54, 'QQ481', 13, '1', 11),
(55, 'QQ481', 14, '3', 11),
(56, 'QQ481', 13, '1', 12),
(57, 'QQ481', 14, '1', 12),
(58, 'QQ481', 13, '0', 13),
(59, 'QQ481', 14, '4', 13),
(60, 'XPP', 16, '1', 14),
(61, 'XPP', 18, '[\"0\",\"1\"]', 14),
(62, 'XPP', 20, '1', 14),
(63, 'XPP', 17, '1', 14),
(64, 'XPP', 19, '1', 14),
(65, 'XPP', 21, '3', 14),
(66, 'XPP', 22, 'none', 14),
(67, 'XPP', 23, 'yes', 14),
(68, 'XPP', 24, '0', 14),
(69, 'XPP', 25, '[\"1\",\"3\"]', 14),
(70, 'XPP', 16, '0', 15),
(71, 'XPP', 18, '[\"1\",\"3\"]', 15),
(72, 'XPP', 20, '0', 15),
(73, 'XPP', 17, '0', 15),
(74, 'XPP', 21, '1', 15),
(75, 'XPP', 19, '1', 15),
(76, 'XPP', 23, 'NO!', 15),
(77, 'XPP', 24, '0', 15),
(78, 'XPP', 25, '[\"2\",\"3\",\"5\"]', 15),
(107, '165', 43, '0', 7),
(108, '165', 43, '1', 9),
(109, '165', 43, '1', 10),
(110, '165', 43, '1', 11),
(111, '165', 43, '1', 12),
(112, '165', 43, '0', 13),
(113, '165', 44, '4', 8),
(114, '165', 44, '0', 9),
(115, '165', 44, '4', 10),
(116, '165', 44, '3', 11),
(117, '165', 44, '1', 12),
(118, '165', 44, '4', 13),
(119, 'XPP', 45, '1', 14),
(120, 'XPP', 47, '[\"0\",\"1\"]', 14),
(121, 'XPP', 49, '1', 14),
(122, 'XPP', 46, '1', 14),
(123, 'XPP', 48, '1', 14),
(124, 'XPP', 50, '3', 14),
(125, 'XPP', 51, 'none', 14),
(126, 'XPP', 52, 'yes', 14),
(127, 'XPP', 53, '0', 14),
(128, 'XPP', 54, '[\"1\",\"3\"]', 14),
(129, 'XPP', 45, '0', 15),
(130, 'XPP', 47, '[\"1\",\"3\"]', 15),
(131, 'XPP', 49, '0', 15),
(132, 'XPP', 46, '0', 15),
(133, 'XPP', 50, '1', 15),
(134, 'XPP', 48, '1', 15),
(135, 'XPP', 52, 'NO!', 15),
(136, 'XPP', 53, '0', 15),
(137, 'XPP', 54, '[\"2\",\"3\",\"5\"]', 15),
(138, 'QQWP123', 55, '1', 14),
(139, 'QQWP123', 57, '[\"0\",\"1\"]', 14),
(140, 'QQWP123', 59, '1', 14),
(141, 'QQWP123', 56, '1', 14),
(142, 'QQWP123', 58, '1', 14),
(143, 'QQWP123', 60, '3', 14),
(144, 'QQWP123', 61, 'none', 14),
(145, 'QQWP123', 62, 'yes', 14),
(146, 'QQWP123', 63, '0', 14),
(147, 'QQWP123', 64, '[\"1\",\"3\"]', 14),
(148, 'QQWP123', 55, '0', 15),
(149, 'QQWP123', 57, '[\"1\",\"3\"]', 15),
(150, 'QQWP123', 59, '0', 15),
(151, 'QQWP123', 56, '0', 15),
(152, 'QQWP123', 60, '1', 15),
(153, 'QQWP123', 58, '1', 15),
(154, 'QQWP123', 62, 'NO!', 15),
(155, 'QQWP123', 63, '0', 15),
(156, 'QQWP123', 64, '[\"2\",\"3\",\"5\"]', 15),
(157, 'QQWP123', 65, '1', 14),
(158, 'QQWP123', 67, '[\"0\",\"1\"]', 14),
(159, 'QQWP123', 69, '1', 14),
(160, 'QQWP123', 66, '1', 14),
(161, 'QQWP123', 68, '1', 14),
(162, 'QQWP123', 70, '3', 14),
(163, 'QQWP123', 71, 'none', 14),
(164, 'QQWP123', 72, 'yes', 14),
(165, 'QQWP123', 73, '0', 14),
(166, 'QQWP123', 74, '[\"1\",\"3\"]', 14),
(167, 'QQWP123', 65, '0', 15),
(168, 'QQWP123', 67, '[\"1\",\"3\"]', 15),
(169, 'QQWP123', 69, '0', 15),
(170, 'QQWP123', 66, '0', 15),
(171, 'QQWP123', 70, '1', 15),
(172, 'QQWP123', 68, '1', 15),
(173, 'QQWP123', 72, 'NO!', 15),
(174, 'QQWP123', 73, '0', 15),
(175, 'QQWP123', 74, '[\"2\",\"3\",\"5\"]', 15),
(176, 'QQWP123', 75, '1', 14),
(177, 'QQWP123', 77, '[\"0\",\"1\"]', 14),
(178, 'QQWP123', 79, '1', 14),
(179, 'QQWP123', 76, '1', 14),
(180, 'QQWP123', 78, '1', 14),
(181, 'QQWP123', 80, '3', 14),
(182, 'QQWP123', 81, 'none', 14),
(183, 'QQWP123', 82, 'yes', 14),
(184, 'QQWP123', 83, '0', 14),
(185, 'QQWP123', 84, '[\"1\",\"3\"]', 14),
(186, 'QQWP123', 75, '0', 15),
(187, 'QQWP123', 77, '[\"1\",\"3\"]', 15),
(188, 'QQWP123', 79, '0', 15),
(189, 'QQWP123', 76, '0', 15),
(190, 'QQWP123', 80, '1', 15),
(191, 'QQWP123', 78, '1', 15),
(192, 'QQWP123', 82, 'NO!', 15),
(193, 'QQWP123', 83, '0', 15),
(194, 'QQWP123', 84, '[\"2\",\"3\",\"5\"]', 15),
(195, 'QQWP123', 85, '1', 14),
(196, 'QQWP123', 87, '[\"0\",\"1\"]', 14),
(197, 'QQWP123', 89, '1', 14),
(198, 'QQWP123', 86, '1', 14),
(199, 'QQWP123', 88, '1', 14),
(200, 'QQWP123', 90, '3', 14),
(201, 'QQWP123', 91, 'none', 14),
(202, 'QQWP123', 92, 'yes', 14),
(203, 'QQWP123', 93, '0', 14),
(204, 'QQWP123', 94, '[\"1\",\"3\"]', 14),
(205, 'QQWP123', 85, '0', 15),
(206, 'QQWP123', 87, '[\"1\",\"3\"]', 15),
(207, 'QQWP123', 89, '0', 15),
(208, 'QQWP123', 86, '0', 15),
(209, 'QQWP123', 90, '1', 15),
(210, 'QQWP123', 88, '1', 15),
(211, 'QQWP123', 92, 'NO!', 15),
(212, 'QQWP123', 93, '0', 15),
(213, 'QQWP123', 94, '[\"2\",\"3\",\"5\"]', 15),
(214, 'QQWP123', 95, '1', 14),
(215, 'QQWP123', 97, '[\"0\",\"1\"]', 14),
(216, 'QQWP123', 99, '1', 14),
(217, 'QQWP123', 96, '1', 14),
(218, 'QQWP123', 98, '1', 14),
(219, 'QQWP123', 100, '3', 14),
(220, 'QQWP123', 101, 'none', 14),
(221, 'QQWP123', 102, 'yes', 14),
(222, 'QQWP123', 103, '0', 14),
(223, 'QQWP123', 104, '[\"1\",\"3\"]', 14),
(224, 'QQWP123', 95, '0', 15),
(225, 'QQWP123', 97, '[\"1\",\"3\"]', 15),
(226, 'QQWP123', 99, '0', 15),
(227, 'QQWP123', 96, '0', 15),
(228, 'QQWP123', 100, '1', 15),
(229, 'QQWP123', 98, '1', 15),
(230, 'QQWP123', 102, 'NO!', 15),
(231, 'QQWP123', 103, '0', 15),
(232, 'QQWP123', 104, '[\"2\",\"3\",\"5\"]', 15),
(233, 'QQWP123', 105, '1', 14),
(234, 'QQWP123', 107, '[\"0\",\"1\"]', 14),
(235, 'QQWP123', 109, '1', 14),
(236, 'QQWP123', 106, '1', 14),
(237, 'QQWP123', 108, '1', 14),
(238, 'QQWP123', 110, '3', 14),
(239, 'QQWP123', 111, 'none', 14),
(240, 'QQWP123', 112, 'yes', 14),
(241, 'QQWP123', 113, '0', 14),
(242, 'QQWP123', 114, '[\"1\",\"3\"]', 14),
(243, 'QQWP123', 105, '0', 15),
(244, 'QQWP123', 107, '[\"1\",\"3\"]', 15),
(245, 'QQWP123', 109, '0', 15),
(246, 'QQWP123', 106, '0', 15),
(247, 'QQWP123', 110, '1', 15),
(248, 'QQWP123', 108, '1', 15),
(249, 'QQWP123', 112, 'NO!', 15),
(250, 'QQWP123', 113, '0', 15),
(251, 'QQWP123', 114, '[\"2\",\"3\",\"5\"]', 15),
(252, 'QQWP123', 115, '1', 14),
(253, 'QQWP123', 117, '[\"0\",\"1\"]', 14),
(254, 'QQWP123', 119, '1', 14),
(255, 'QQWP123', 116, '1', 14),
(256, 'QQWP123', 118, '1', 14),
(257, 'QQWP123', 120, '3', 14),
(258, 'QQWP123', 121, 'none', 14),
(259, 'QQWP123', 122, 'yes', 14),
(260, 'QQWP123', 123, '0', 14),
(261, 'QQWP123', 124, '[\"1\",\"3\"]', 14),
(262, 'QQWP123', 115, '0', 15),
(263, 'QQWP123', 117, '[\"1\",\"3\"]', 15),
(264, 'QQWP123', 119, '0', 15),
(265, 'QQWP123', 116, '0', 15),
(266, 'QQWP123', 120, '1', 15),
(267, 'QQWP123', 118, '1', 15),
(268, 'QQWP123', 122, 'NO!', 15),
(269, 'QQWP123', 123, '0', 15),
(270, 'QQWP123', 124, '[\"2\",\"3\",\"5\"]', 15),
(271, 'QQWP123', 125, '1', 14),
(272, 'QQWP123', 127, '[\"0\",\"1\"]', 14),
(273, 'QQWP123', 129, '1', 14),
(274, 'QQWP123', 126, '1', 14),
(275, 'QQWP123', 128, '1', 14),
(276, 'QQWP123', 130, '3', 14),
(277, 'QQWP123', 131, 'none', 14),
(278, 'QQWP123', 132, 'yes', 14),
(279, 'QQWP123', 133, '0', 14),
(280, 'QQWP123', 134, '[\"1\",\"3\"]', 14),
(281, 'QQWP123', 125, '0', 15),
(282, 'QQWP123', 127, '[\"1\",\"3\"]', 15),
(283, 'QQWP123', 129, '0', 15),
(284, 'QQWP123', 126, '0', 15),
(285, 'QQWP123', 130, '1', 15),
(286, 'QQWP123', 128, '1', 15),
(287, 'QQWP123', 132, 'NO!', 15),
(288, 'QQWP123', 133, '0', 15),
(289, 'QQWP123', 134, '[\"2\",\"3\",\"5\"]', 15),
(290, 'QQWP123', 135, '1', 14),
(291, 'QQWP123', 137, '[\"0\",\"1\"]', 14),
(292, 'QQWP123', 139, '1', 14),
(293, 'QQWP123', 136, '1', 14),
(294, 'QQWP123', 138, '1', 14),
(295, 'QQWP123', 140, '3', 14),
(296, 'QQWP123', 141, 'none', 14),
(297, 'QQWP123', 142, 'yes', 14),
(298, 'QQWP123', 143, '0', 14),
(299, 'QQWP123', 144, '[\"1\",\"3\"]', 14),
(300, 'QQWP123', 135, '0', 15),
(301, 'QQWP123', 137, '[\"1\",\"3\"]', 15),
(302, 'QQWP123', 139, '0', 15),
(303, 'QQWP123', 136, '0', 15),
(304, 'QQWP123', 140, '1', 15),
(305, 'QQWP123', 138, '1', 15),
(306, 'QQWP123', 142, 'NO!', 15),
(307, 'QQWP123', 143, '0', 15),
(308, 'QQWP123', 144, '[\"2\",\"3\",\"5\"]', 15),
(309, 'QQWP123', 145, '1', 14),
(310, 'QQWP123', 147, '[\"0\",\"1\"]', 14),
(311, 'QQWP123', 149, '1', 14),
(312, 'QQWP123', 146, '1', 14),
(313, 'QQWP123', 148, '1', 14),
(314, 'QQWP123', 150, '3', 14),
(315, 'QQWP123', 151, 'none', 14),
(316, 'QQWP123', 152, 'yes', 14),
(317, 'QQWP123', 153, '0', 14),
(318, 'QQWP123', 154, '[\"1\",\"3\"]', 14),
(319, 'QQWP123', 145, '0', 15),
(320, 'QQWP123', 147, '[\"1\",\"3\"]', 15),
(321, 'QQWP123', 149, '0', 15),
(322, 'QQWP123', 146, '0', 15),
(323, 'QQWP123', 150, '1', 15),
(324, 'QQWP123', 148, '1', 15),
(325, 'QQWP123', 152, 'NO!', 15),
(326, 'QQWP123', 153, '0', 15),
(327, 'QQWP123', 154, '[\"2\",\"3\",\"5\"]', 15);

-- --------------------------------------------------------

--
-- 資料表結構 `user`
--

CREATE TABLE `user` (
  `id` int(11) NOT NULL,
  `name` text COLLATE utf8_unicode_ci NOT NULL,
  `account` text COLLATE utf8_unicode_ci NOT NULL,
  `password` text COLLATE utf8_unicode_ci NOT NULL,
  `rank` int(11) NOT NULL
) ENGINE=InnoDB DEFAULT CHARSET=utf8 COLLATE=utf8_unicode_ci;

--
-- 傾印資料表的資料 `user`
--

INSERT INTO `user` (`id`, `name`, `account`, `password`, `rank`) VALUES
(1, '管理者', 'admin', '1234', 3);

--
-- 已傾印資料表的索引
--

--
-- 資料表索引 `form`
--
ALTER TABLE `form`
  ADD PRIMARY KEY (`invite`),
  ADD KEY `user` (`user`);

--
-- 資料表索引 `question`
--
ALTER TABLE `question`
  ADD PRIMARY KEY (`id`),
  ADD KEY `invite` (`invite`);

--
-- 資料表索引 `response`
--
ALTER TABLE `response`
  ADD PRIMARY KEY (`id`),
  ADD KEY `question_id` (`question_id`),
  ADD KEY `invite` (`invite`);

--
-- 資料表索引 `user`
--
ALTER TABLE `user`
  ADD PRIMARY KEY (`id`);

--
-- 在傾印的資料表使用自動遞增(AUTO_INCREMENT)
--

--
-- 使用資料表自動遞增(AUTO_INCREMENT) `question`
--
ALTER TABLE `question`
  MODIFY `id` int(11) NOT NULL AUTO_INCREMENT, AUTO_INCREMENT=155;

--
-- 使用資料表自動遞增(AUTO_INCREMENT) `response`
--
ALTER TABLE `response`
  MODIFY `id` int(11) NOT NULL AUTO_INCREMENT, AUTO_INCREMENT=328;

--
-- 使用資料表自動遞增(AUTO_INCREMENT) `user`
--
ALTER TABLE `user`
  MODIFY `id` int(11) NOT NULL AUTO_INCREMENT, AUTO_INCREMENT=2;

--
-- 已傾印資料表的限制式
--

--
-- 資料表的限制式 `form`
--
ALTER TABLE `form`
  ADD CONSTRAINT `form_ibfk_1` FOREIGN KEY (`user`) REFERENCES `user` (`id`) ON DELETE CASCADE ON UPDATE CASCADE;

--
-- 資料表的限制式 `question`
--
ALTER TABLE `question`
  ADD CONSTRAINT `question_ibfk_1` FOREIGN KEY (`invite`) REFERENCES `form` (`invite`) ON DELETE CASCADE ON UPDATE CASCADE;

--
-- 資料表的限制式 `response`
--
ALTER TABLE `response`
  ADD CONSTRAINT `response_ibfk_1` FOREIGN KEY (`question_id`) REFERENCES `question` (`id`) ON DELETE CASCADE ON UPDATE CASCADE,
  ADD CONSTRAINT `response_ibfk_2` FOREIGN KEY (`invite`) REFERENCES `form` (`invite`) ON DELETE CASCADE ON UPDATE CASCADE;
COMMIT;

/*!40101 SET CHARACTER_SET_CLIENT=@OLD_CHARACTER_SET_CLIENT */;
/*!40101 SET CHARACTER_SET_RESULTS=@OLD_CHARACTER_SET_RESULTS */;
/*!40101 SET COLLATION_CONNECTION=@OLD_COLLATION_CONNECTION */;
